Date,Beef,Veal,Broilers,Other_chicken
Oct-2020,"2,431.9",5.2,"3,848.7",43.1
Sep-2020,"2,315.3",4.7,"3,878.4",48.5
Aug-2020,"2,298.0",4.8,"3,733.9",48.1
Jul-2020,"2,384.5",5.6,"3,745.8",49.7
Jun-2020,"2,334.7",5.4,"3,780.0",46.5
May-2020,"1,827.6",5.0,"3,559.4",43.7
Apr-2020,"1,782.0",4.6,"3,600.3",46.1
Mar-2020,"2,379.2",5.6,"3,861.2",47.1
Feb-2020,"2,104.1",5.0,"3,418.5",41.6
Jan-2020,"2,356.8",6.2,"3,957.1",46.6
Dec-2019,"2,239.2",6.4,"3,647.4",41.8
Nov-2019,"2,271.9",5.9,"3,427.1",42.5
Oct-2019,"2,403.9",6.9,"4,100.1",46.5
Sep-2019,"2,160.6",5.9,"3,680.5",47.4
Aug-2019,"2,346.5",5.8,"3,845.9",49.2
Jul-2019,"2,335.2",6.2,"3,875.3",40.8
Jun-2019,"2,199.7",5.6,"3,526.6",45.0
May-2019,"2,300.9",6.2,"3,827.9",46.1
Apr-2019,"2,234.0",5.9,"3,590.1",42.6
Mar-2019,"2,090.0",5.6,"3,409.8",41.7
Feb-2019,"1,960.8",6.0,"3,263.1",39.2
Jan-2019,"2,278.7",6.4,"3,711.3",45.7
Dec-2018,"2,091.4",6.3,"3,228.7",36.8
Nov-2018,"2,288.6",6.6,"3,450.7",44.5
Oct-2018,"2,395.7",7.0,"3,909.0",50.9
Sep-2018,"2,129.1",5.9,"3,417.9",42.1
Aug-2018,"2,401.6",6.3,"3,892.3",53.6
Jul-2018,"2,205.8",6.0,"3,629.5",48.3
Jun-2018,"2,274.9",5.7,"3,492.8",49.1
May-2018,"2,279.9",6.2,"3,738.0",46.8
Apr-2018,"2,089.4",5.9,"3,456.3",42.9
Mar-2018,"2,174.7",5.9,"3,489.7",42.8
Feb-2018,"1,956.4",5.6,"3,256.7",38.8
Jan-2018,"2,248.4",6.5,"3,639.0",42.9
Dec-2017,"2,123.0",6.4,"3,324.8",41.2
Nov-2017,"2,265.8",6.3,"3,437.3",45.4
Oct-2017,"2,270.1",6.2,"3,709.5",48.3
Sep-2017,"2,195.0",5.9,"3,429.9",43.7
Aug-2017,"2,373.7",6.2,"3,763.6",50.7
Jul-2017,"2,084.2",5.5,"3,357.6",43.1
Jun-2017,"2,254.6",6.2,"3,542.5",49.2
May-2017,"2,135.7",6.1,"3,647.9",45.9
Apr-2017,"1,936.9",5.7,"3,216.3",39.8
Mar-2017,"2,220.2",6.3,"3,582.2",45.2
Feb-2017,"1,906.7",5.5,"3,153.8",40.2
Jan-2017,"2,089.7",6.2,"3,496.9",42.8
Dec-2016,"2,146.8",6.6,"3,311.5",42.4
Nov-2016,"2,215.5",6.5,"3,336.9",44.9
Oct-2016,"2,180.2",6.5,"3,417.1",44.6
Sep-2016,"2,153.4",6.0,"3,454.8",47.3
Aug-2016,"2,238.6",5.9,"3,637.3",53.0
Jul-2016,"2,002.4",5.5,"3,246.2",43.7
Jun-2016,"2,168.7",6.3,"3,484.8",49.0
May-2016,"2,005.7",5.8,"3,466.4",45.0
Apr-2016,"1,939.8",5.9,"3,302.1",43.8
Mar-2016,"2,069.5",6.2,"3,525.8",49.6
Feb-2016,"1,859.7",6.0,"3,256.7",43.3
Jan-2016,"1,927.7",6.6,"3,256.8",41.8
Dec-2015,"2,020.5",7.7,"3,334.5",44.2
Nov-2015,"1,911.2",6.9,"3,135.4",38.8
Oct-2015,"2,096.5",7.1,"3,466.8",47.6
Sep-2015,"2,060.2",6.7,"3,486.3",45.6
Aug-2015,"1,911.0",6.3,"3,417.5",42.9
Jul-2015,"2,023.4",6.8,"3,468.7",44.6
Jun-2015,"1,977.6",6.9,"3,428.4",45.6
May-2015,"1,902.6",6.5,"3,246.5",40.4
Apr-2015,"1,903.9",6.5,"3,346.3",46.4
Mar-2015,"1,907.2",6.8,"3,389.0",43.9
Feb-2015,"1,744.6",6.2,"3,000.8",41.2
Jan-2015,"1,936.2",6.7,"3,328.1",41.4
Dec-2014,"1,973.4",7.5,"3,348.5",44.3
Nov-2014,"1,825.4",6.3,"2,939.9",36.1
Oct-2014,"2,138.6",7.6,"3,525.2",47.4
Sep-2014,"2,041.0",7.1,"3,306.6",45.1
Aug-2014,"1,999.0",6.9,"3,197.6",45.9
Jul-2014,"2,060.8",7.7,"3,331.1",44.2
Jun-2014,"2,044.1",7.4,"3,205.6",43.5
May-2014,"2,046.8",7.6,"3,201.2",45.9
Apr-2014,"2,017.5",8.3,"3,210.9",44.4
Mar-2014,"1,911.9",8.6,"3,098.6",41.5
Feb-2014,"1,762.2",8.0,"3,015.0",39.7
Jan-2014,"2,111.5",9.2,"3,185.1",43.2
Dec-2013,"2,019.1",9.7,"3,093.3",40.1
Nov-2013,"2,030.9",8.9,"2,968.3",35.9
Oct-2013,"2,283.8",9.7,"3,475.3",46.8
Sep-2013,"2,047.1",8.4,"3,108.0",44.7
Aug-2013,"2,215.6",8.8,"3,296.2",50.3
Jul-2013,"2,268.3",9.4,"3,278.9",47.1
Jun-2013,"2,132.2",8.3,"3,002.0",42.9
May-2013,"2,201.5",8.9,"3,270.1",46.2
Apr-2013,"2,101.1",8.9,"3,194.1",45.5
Mar-2013,"2,012.3",9.0,"2,999.2",38.0
Feb-2013,"1,845.0",8.8,"2,877.6",39.2
Jan-2013,"2,227.9",10.2,"3,267.1",46.6
Dec-2012,"1,992.3",9.6,"2,853.7",36.3
Nov-2012,"2,178.8",9.8,"3,008.5",37.7
Oct-2012,"2,307.6",10.0,"3,335.5",43.8
Sep-2012,"1,986.1",8.6,"2,927.1",43.7
Aug-2012,"2,338.6",9.9,"3,317.5",51.0
Jul-2012,"2,176.8",9.2,"3,127.0",43.4
Jun-2012,"2,225.8",8.7,"3,105.3",49.2
May-2012,"2,206.4",10.1,"3,281.8",47.7
Apr-2012,"1,964.0",9.6,"2,993.8",41.6
Mar-2012,"2,133.3",9.7,"3,043.8",40.1
Feb-2012,"1,981.2",9.6,"2,953.6",38.8
Jan-2012,"2,081.7",10.2,"3,091.8",43.2
Dec-2011,"2,096.4",10.5,"2,857.5",41.4
Nov-2011,"2,119.8",10.5,"2,907.1",39.8
Oct-2011,"2,181.2",10.3,"3,096.8",43.4
Sep-2011,"2,185.7",10.4,"3,180.4",47.0
Aug-2011,"2,358.1",11.1,"3,330.3",49.9
Jul-2011,"2,110.6",9.9,"3,030.9",46.2
Jun-2011,"2,347.1",11.0,"3,284.6",49.3
May-2011,"2,105.4",10.0,"3,251.1",42.9
Apr-2011,"2,026.1",10.0,"2,973.5",40.3
Mar-2011,"2,236.7",11.8,"3,310.4",44.1
Feb-2011,"1,994.1",10.2,"2,852.4",37.4
Jan-2011,"2,093.1",10.5,"3,127.5",39.8
Dec-2010,"2,240.2",11.4,"3,175.0",44.1
Nov-2010,"2,206.5",11.0,"3,124.4",40.3
Oct-2010,"2,201.3",11.0,"3,183.7",41.0
Sep-2010,"2,222.1",11.0,"3,238.3",45.6
Aug-2010,"2,258.5",10.9,"3,200.0",47.5
Jul-2010,"2,204.3",10.7,"3,057.7",44.9
Jun-2010,"2,290.8",10.4,"3,139.7",43.7
May-2010,"2,060.7",9.8,"3,020.0",40.2
Apr-2010,"2,110.8",10.8,"3,038.3",40.7
Mar-2010,"2,180.7",11.9,"3,162.0",43.4
Feb-2010,"1,927.2",10.5,"2,739.5",34.7
Jan-2010,"2,051.1",11.3,"2,831.2",37.8
Dec-2009,"2,102.5",12.8,"2,966.2",38.4
Nov-2009,"1,988.1",11.5,"2,788.8",34.1
Oct-2009,"2,239.2",11.9,"3,071.9",44.6
Sep-2009,"2,202.4",11.4,"3,064.3",43.1
Aug-2009,"2,155.4",10.3,"3,012.1",44.8
Jul-2009,"2,243.3",10.6,"3,095.5",47.7
Jun-2009,"2,260.1",11.2,"3,050.6",45.1
May-2009,"2,151.3",10.0,"2,890.4",40.6
Apr-2009,"2,102.1",11.0,"2,997.7",43.8
Mar-2009,"2,112.6",12.0,"2,997.0",42.5
Feb-2009,"1,954.5",10.8,"2,704.3",37.1
Jan-2009,"2,086.4",11.7,"2,871.6",38.3
Dec-2008,"2,051.3",13.0,"2,931.5",39.8
Nov-2008,"1,933.1",11.0,"2,662.7",38.6
Oct-2008,"2,305.4",13.2,"3,270.6",50.6
Sep-2008,"2,239.0",12.5,"3,149.7",49.0
Aug-2008,"2,238.8",11.0,"3,080.5",47.9
Jul-2008,"2,341.9",12.1,"3,226.7",51.1
Jun-2008,"2,234.2",11.5,"3,077.3",49.8
May-2008,"2,351.2",11.2,"3,165.4",50.0
Apr-2008,"2,224.5",11.7,"3,196.6",48.0
Mar-2008,"2,071.4",11.1,"2,981.6",45.1
Feb-2008,"2,009.6",10.8,"2,926.5",43.7
Jan-2008,"2,199.4",11.0,"3,237.2",45.7
Dec-2007,"2,032.7",10.2,"2,901.4",38.1
Nov-2007,"2,201.5",9.7,"3,033.2",41.0
Oct-2007,"2,407.3",10.7,"3,383.8",47.6
Sep-2007,"2,066.7",9.1,"2,894.7",35.8
Aug-2007,"2,421.6",10.1,"3,181.2",47.4
Jul-2007,"2,228.6",10.5,"3,055.0",44.6
Jun-2007,"2,321.8",11.0,"3,027.0",45.0
May-2007,"2,257.2",12.1,"3,171.8",44.8
Apr-2007,"1,988.1",11.6,"2,885.4",38.6
Mar-2007,"2,088.5",13.3,"2,927.8",39.5
Feb-2007,"1,924.2",11.9,"2,667.9",36.3
Jan-2007,"2,131.7",14.0,"3,029.8",39.5
Dec-2006,"2,019.4",12.9,"2,737.8",36.9
Nov-2006,"2,197.7",12.7,"2,912.3",40.6
Oct-2006,"2,200.4",12.9,"3,185.1",44.0
Sep-2006,"2,140.1",11.8,"2,900.6",39.7
Aug-2006,"2,419.9",12.6,"3,133.9",46.3
Jul-2006,"2,187.9",11.0,"2,836.0",39.2
Jun-2006,"2,417.7",12.2,"3,046.9",46.3
May-2006,"2,278.9",12.5,"3,158.6",45.4
Apr-2006,"1,941.3",10.1,"2,774.4",40.5
Mar-2006,"2,172.3",12.4,"3,098.5",45.3
Feb-2006,"1,797.9",11.1,"2,713.9",37.3
Jan-2006,"2,018.1",11.5,"3,001.6",43.1
Dec-2005,"2,027.0",13.1,"2,916.8",41.6
Nov-2005,"2,042.7",12.1,"2,942.2",40.2
Oct-2005,"2,046.4",12.0,"3,044.7",41.6
Sep-2005,"2,127.4",13.0,"3,011.1",42.2
Aug-2005,"2,289.4",13.4,"3,113.3",47.2
Jul-2005,"2,056.6",12.1,"2,814.3",42.0
Jun-2005,"2,199.0",12.9,"3,055.4",48.1
May-2005,"2,046.7",12.9,"3,023.2",45.1
Apr-2005,"1,860.3",12.6,"2,855.4",44.4
Mar-2005,"2,010.3",12.9,"3,036.4",46.5
Feb-2005,"1,739.0",11.7,"2,667.9",38.8
Jan-2005,"1,883.6",13.0,"2,884.1",38.7
Dec-2004,"2,012.0",14.5,"2,836.9",42.5
Nov-2004,"1,909.0",13.3,"2,796.9",40.6
Oct-2004,"2,081.0",11.9,"2,903.6",43.7
Sep-2004,"2,075.0",12.5,"2,974.1",46.5
Aug-2004,"2,122.0",13.6,"2,989.5",45.7
Jul-2004,"2,077.0",12.9,"2,875.8",43.5
Jun-2004,"2,198.0",12.9,"2,906.4",43.7
May-2004,"2,043.0",13.4,"2,771.4",39.2
Apr-2004,"1,929.0",13.5,"2,814.2",42.2
Mar-2004,"2,076.0",13.6,"2,903.2",45.1
Feb-2004,"1,775.0",14.1,"2,467.8",32.3
Jan-2004,"1,894.0",15.6,"2,823.6",39.2
Dec-2003,"1,948.0",18.5,"2,763.6",39.1
Nov-2003,"1,755.0",14.7,"2,423.9",33.9
Oct-2003,"2,178.0",15.7,"3,052.8",43.7
Sep-2003,"2,285.0",14.7,"2,817.2",40.2
Aug-2003,"2,300.0",13.7,"2,742.3",41.4
Jul-2003,"2,411.0",14.3,"2,888.1",46.5
Jun-2003,"2,364.0",14.5,"2,759.8",44.5
May-2003,"2,332.0",15.3,"2,781.2",44.0
Apr-2003,"2,121.0",15.5,"2,733.6",43.5
Mar-2003,"2,018.0",16.0,"2,592.4",41.1
Feb-2003,"1,912.0",15.3,"2,419.5",39.5
Jan-2003,"2,256.0",17.3,"2,774.6",45.2
Dec-2002,"2,075.0",17.4,"2,527.4",42.2
Nov-2002,"2,134.0",16.3,"2,455.5",40.9
Oct-2002,"2,474.0",18.0,"2,953.3",50.7
Sep-2002,"2,170.0",15.7,"2,596.4",46.4
Aug-2002,"2,438.0",16.2,"2,828.3",49.2
Jul-2002,"2,398.0",16.2,"2,826.5",48.3
Jun-2002,"2,274.0",14.1,"2,587.1",44.0
May-2002,"2,306.0",15.0,"2,894.9",46.5
Apr-2002,"2,164.0",15.6,"2,751.8",47.3
Mar-2002,"2,028.0",14.6,"2,585.1",42.8
Feb-2002,"1,956.0",13.9,"2,453.6",40.8
Jan-2002,"2,296.0",16.4,"2,779.9",48.0
Dec-2001,"2,078.0",15.0,"2,464.8",40.9
Nov-2001,"2,171.0",16.0,"2,500.7",39.4
Oct-2001,"2,353.0",17.0,"2,897.2",47.0
Sep-2001,"2,090.0",14.0,"2,438.7",40.9
Aug-2001,"2,396.0",17.0,"2,850.7",46.6
Jul-2001,"2,150.0",15.0,"2,592.8",42.5
Jun-2001,"2,241.0",15.0,"2,636.6",44.0
May-2001,"2,265.0",15.0,"2,835.6",45.6
Apr-2001,"1,910.0",15.0,"2,515.7",42.2
Mar-2001,"2,065.0",16.0,"2,588.6",44.4
Feb-2001,"1,852.0",15.0,"2,322.2",39.7
Jan-2001,"2,172.0",17.0,"2,622.2",42.7
Dec-2000,"1,966.0",17.0,"2,357.7",
Nov-2000,"2,138.0",18.0,"2,553.3",
Oct-2000,"2,310.0",18.0,"2,632.5",
Sep-2000,"2,244.0",16.0,"2,421.8",
Aug-2000,"2,407.0",17.0,"2,754.4",
Jul-2000,"2,175.0",16.0,"2,417.7",
Jun-2000,"2,341.0",17.0,"2,672.2",
May-2000,"2,273.0",18.0,"2,741.7",
Apr-2000,"1,997.0",15.0,"2,340.4",
Mar-2000,"2,268.0",18.0,"2,687.9",
Feb-2000,"2,143.0",17.0,"2,487.9",
Jan-2000,"2,143.0",17.0,"2,427.6",
Dec-1999,"2,077.0",20.0,"2,466.0",
Nov-1999,"2,111.0",18.0,"2,420.1",
Oct-1999,"2,229.0",18.0,"2,481.0",
Sep-1999,"2,243.0",19.0,"2,497.9",
Aug-1999,"2,277.0",19.0,"2,516.4",
Jul-1999,"2,229.0",18.0,"2,471.4",
Jun-1999,"2,290.0",18.0,"2,587.7",
May-1999,"2,122.0",16.0,"2,476.0",
Apr-1999,"2,123.0",17.0,"2,528.1",
Mar-1999,"2,196.0",20.0,"2,607.4",
Feb-1999,"1,965.0",17.0,"2,263.8",
Jan-1999,"2,136.0",17.0,"2,425.7",
Dec-1998,"2,065.0",21.0,"2,395.3",
Nov-1998,"1,971.0",18.0,"2,192.4",
Oct-1998,"2,199.0",20.0,"2,496.9",
Sep-1998,"2,166.0",21.0,"2,322.1",
Aug-1998,"2,197.0",19.0,"2,265.7",
Jul-1998,"2,183.0",20.0,"2,354.1",
Jun-1998,"2,215.0",19.0,"2,347.3",
May-1998,"2,094.0",18.0,"2,259.6",
Apr-1998,"2,059.0",19.0,"2,383.2",
Mar-1998,"2,049.0",22.0,"2,332.6",
Feb-1998,"1,945.0",21.0,"2,144.9",
Jan-1998,"2,122.0",23.0,"2,368.5",
Dec-1997,"1,987.0",26.0,"2,305.6",
Nov-1997,"1,899.0",23.0,"2,025.5",
Oct-1997,"2,262.0",27.0,"2,500.0",
Sep-1997,"2,092.0",27.0,"2,283.9",
Aug-1997,"2,188.0",25.0,"2,272.4",
Jul-1997,"2,224.0",27.0,"2,307.3",
Jun-1997,"2,100.0",25.0,"2,239.7",
May-1997,"2,157.0",25.0,"2,343.8",
Apr-1997,"2,062.0",27.0,"2,353.9",
Mar-1997,"1,930.0",27.0,"2,170.6",
Feb-1997,"1,882.0",26.0,"2,097.8",
Jan-1997,"2,180.0",30.0,"2,370.2",
Dec-1996,"1,908.0",30.0,"2,099.8",
Nov-1996,"1,917.0",29.0,"2,013.2",
Oct-1996,"2,137.0",32.0,"2,414.3",
Sep-1996,"1,897.0",30.0,"2,117.0",
Aug-1996,"2,225.0",31.0,"2,277.8",
Jul-1996,"2,156.0",31.0,"2,233.3",
Jun-1996,"2,148.0",27.0,"2,069.8",
May-1996,"2,263.0",29.0,"2,299.4",
Apr-1996,"2,114.0",28.0,"2,201.7",
Mar-1996,"1,996.0",29.0,"2,155.2",
Feb-1996,"2,009.0",29.0,"2,168.4",
Jan-1996,"2,177.0",29.0,"2,286.5",
Dec-1995,"1,957.0",25.0,"2,018.5",
Nov-1995,"2,059.0",25.0,"2,082.9",
Oct-1995,"2,139.0",26.0,"2,234.8",
Sep-1995,"2,185.0",25.0,"2,055.9",
Aug-1995,"2,281.0",25.0,"2,181.0",
Jul-1995,"2,059.0",24.0,"1,944.9",
Jun-1995,"2,254.0",25.0,"2,232.0",
May-1995,"2,153.0",25.0,"2,211.6",
Apr-1995,"1,821.0",22.0,"1,912.6",
Mar-1995,"2,033.0",26.0,"2,196.7",
Feb-1995,"1,779.0",23.0,"1,890.4",
Jan-1995,"1,972.0",27.0,"2,059.4",
Dec-1994,"1,984.0",26.0,"1,979.2",
Nov-1994,"1,942.0",25.0,"1,986.4",
Oct-1994,"2,077.0",25.0,"2,062.9",
Sep-1994,"2,102.0",23.0,"2,079.1",
Aug-1994,"2,181.0",23.0,"2,206.2",
Jul-1994,"1,997.0",21.0,"1,881.5",
Jun-1994,"2,125.0",23.0,"2,073.3",
May-1994,"1,954.0",22.0,"1,986.5",
Apr-1994,"1,869.0",21.0,"1,924.3",
Mar-1994,"1,967.0",25.0,"2,028.0",
Feb-1994,"1,769.0",21.0,"1,751.6",
Jan-1994,"1,906.0",22.0,"1,887.0",
Dec-1993,"1,909.0",23.0,"1,877.4",
Nov-1993,"1,854.0",23.0,"1,810.2",
Oct-1993,"1,941.0",21.0,"1,872.0",
Sep-1993,"1,992.0",21.0,"1,914.9",
Aug-1993,"2,032.0",22.0,"1,905.3",
Jul-1993,"1,953.0",21.0,"1,801.8",
Jun-1993,"2,019.0",21.0,"1,979.4",
May-1993,"1,826.0",19.0,"1,790.4",
Apr-1993,"1,749.0",21.0,"1,867.2",
Mar-1993,"1,822.0",25.0,"1,897.1",
Feb-1993,"1,646.0",21.0,"1,659.6",
Jan-1993,"1,785.0",21.0,"1,802.8",
Dec-1992,"1,815.0",25.0,"1,817.8",
Nov-1992,"1,745.0",23.0,"1,595.0",
Oct-1992,"1,975.0",23.0,"1,834.0",
Sep-1992,"1,960.0",23.0,"1,803.5",
Aug-1992,"1,944.0",23.0,"1,763.3",
Jul-1992,"1,982.0",24.0,"1,819.9",
Jun-1992,"2,004.0",24.0,"1,824.7",
May-1992,"1,867.0",24.0,"1,740.3",
Apr-1992,"1,751.0",24.0,"1,729.7",
Mar-1992,"1,812.0",27.0,"1,760.6",
Feb-1992,"1,671.0",24.0,"1,580.7",
Jan-1992,"1,998.0",27.0,"1,782.9",
Dec-1991,"1,742.0",27.0,"1,615.9",
Nov-1991,"1,774.0",25.0,"1,513.4",
Oct-1991,"2,070.0",27.0,"1,833.9",
Sep-1991,"1,900.0",23.0,"1,590.8",
Aug-1991,"2,040.0",21.0,"1,746.8",
Jul-1991,"1,962.0",21.0,"1,721.3",
Jun-1991,"1,840.0",19.0,"1,579.1",
May-1991,"1,910.0",23.0,"1,743.9",
Apr-1991,"1,834.0",22.0,"1,701.7",
Mar-1991,"1,683.0",24.0,"1,530.9",
Feb-1991,"1,659.0",25.0,"1,485.5",
Jan-1991,"1,927.0",30.0,"1,664.4",
Dec-1990,"1,640.0",26.0,"1,437.0",
Nov-1990,"1,798.0",27.0,"1,566.9",
Oct-1990,"1,995.0",30.0,"1,768.6",
Sep-1990,"1,779.0",25.0,"1,421.4",
Aug-1990,"2,024.0",27.0,"1,688.8",
Jul-1990,"1,908.0",24.0,"1,516.8",
Jun-1990,"1,945.0",24.0,"1,535.7",
May-1990,"1,965.0",24.0,"1,635.1",
Apr-1990,"1,709.0",22.0,"1,489.3",
Mar-1990,"1,830.0",26.0,"1,540.1",
Feb-1990,"1,669.0",23.0,"1,368.0",
Jan-1990,"1,890.0",26.0,"1,586.6",
Dec-1989,"1,783.0",24.0,"1,491.1",
Nov-1989,"1,855.0",26.0,"1,432.2",
Oct-1989,"1,992.0",30.0,"1,497.1",
Sep-1989,"1,874.0",26.0,"1,426.2",
Aug-1989,"2,050.0",28.0,"1,604.2",
Jul-1989,"1,852.0",26.0,"1,365.0",
Jun-1989,"1,979.0",27.0,"1,514.5",
May-1989,"1,954.0",28.0,"1,538.5",
Apr-1989,"1,717.0",26.0,"1,335.8",
Mar-1989,"1,844.0",30.0,"1,473.4",
Feb-1989,"1,705.0",27.0,"1,270.1",
Jan-1989,"1,852.0",30.0,"1,386.0",
Dec-1988,"1,822.0",30.0,"1,328.4",
Nov-1988,"1,818.0",30.0,"1,307.1",
Oct-1988,"1,954.0",31.0,"1,379.1",
Sep-1988,"1,993.0",31.0,"1,378.7",
Aug-1988,"2,111.0",33.0,"1,421.9",
Jul-1988,"1,934.0",29.0,"1,234.1",
Jun-1988,"1,976.0",32.0,"1,398.0",
May-1988,"1,874.0",28.0,"1,367.3",
Apr-1988,"1,798.0",26.0,"1,313.5",
Mar-1988,"1,878.0",31.0,"1,400.4",
Feb-1988,"1,784.0",30.0,"1,289.7",
Jan-1988,"1,895.0",29.0,"1,306.1",
Dec-1987,"1,865.0",34.0,"1,336.8",
Nov-1987,"1,766.0",29.0,"1,177.1",
Oct-1987,"2,038.0",33.0,"1,383.6",
Sep-1987,"1,988.0",32.0,"1,371.2",
Aug-1987,"1,959.0",27.0,"1,257.0",
Jul-1987,"1,966.0",31.0,"1,337.9",
Jun-1987,"1,908.0",32.0,"1,371.5",
May-1987,"1,800.0",29.0,"1,261.0",
Apr-1987,"1,874.0",31.0,"1,274.5",
Mar-1987,"1,851.0",35.0,"1,298.2",
Feb-1987,"1,693.0",32.0,"1,160.7",
Jan-1987,"2,038.0",35.0,"1,275.7",
Dec-1986,"1,900.0",37.0,"1,252.2",
Nov-1986,"1,741.0",32.0,"1,050.4",
Oct-1986,"2,079.0",39.0,"1,255.7",
Sep-1986,"1,990.0",38.0,"1,241.6",
Aug-1986,"2,020.0",37.0,"1,181.0",
Jul-1986,"2,087.0",41.0,"1,197.5",
Jun-1986,"1,967.0",36.0,"1,194.5",
May-1986,"2,047.0",38.0,"1,229.1",
Apr-1986,"2,044.0",41.0,"1,249.6",
Mar-1986,"1,798.0",39.0,"1,115.8",
Feb-1986,"1,713.0",36.0,"1,087.0",
Jan-1986,"2,070.0",41.0,"1,211.3",
Dec-1985,"1,774.0",41.0,"1,094.1",
Nov-1985,"1,735.0",37.0,997.8,
Oct-1985,"2,029.0",41.0,"1,252.5",
Sep-1985,"1,917.0",37.0,"1,081.9",
Aug-1985,"2,051.0",36.0,"1,198.4",
Jul-1985,"1,993.0",39.0,"1,203.3",
Jun-1985,"1,836.0",33.0,"1,094.8",
May-1985,"2,020.0",37.0,"1,221.5",
Apr-1985,"1,868.0",36.0,"1,196.6",
Mar-1985,"1,791.0",35.0,"1,082.5",
Feb-1985,"1,706.0",33.0,991.5,
Jan-1985,"1,989.0",37.0,"1,154.9",
Dec-1984,"1,745.0",33.0,995.4,
Nov-1984,"1,840.0",37.0,"1,018.7",
Oct-1984,"2,095.0",39.0,"1,212.8",
Sep-1984,"1,831.0",32.0,"1,026.1",
Aug-1984,"2,039.0",38.0,"1,210.5",
Jul-1984,"1,865.0",35.0,"1,102.7",
Jun-1984,"1,917.0",31.0,"1,113.5",
May-1984,"1,989.0",33.0,"1,184.4",
Apr-1984,"1,708.0",31.0,"1,052.2",
Mar-1984,"1,864.0",34.0,"1,069.0",
Feb-1984,"1,785.0",32.0,984.5,
Jan-1984,"1,830.0",33.0,"1,028.9",
Dec-1983,"1,876.0",32.0,941.6,
Nov-1983,"1,839.0",32.0,937.2,
Oct-1983,"1,966.0",33.0,"1,038.4",
Sep-1983,"2,004.0",32.0,"1,044.7",
Aug-1983,"2,036.0",32.0,"1,113.1",
Jul-1983,"1,735.0",28.0,977.4,
Jun-1983,"1,892.0",28.0,"1,125.2",
May-1983,"1,783.0",27.0,"1,096.3",
Apr-1983,"1,650.0",26.0,"1,054.3",
Mar-1983,"1,808.0",32.0,"1,106.2",
Feb-1983,"1,632.0",26.0,933.6,
Jan-1983,"1,837.0",28.0,"1,021.0",
Dec-1982,,,971.3,
Nov-1982,,,929.8,
Oct-1982,,,"1,010.4",
Sep-1982,,,"1,043.1",
Aug-1982,,,"1,057.2",
Jul-1982,,,"1,029.5",
Jun-1982,,,"1,085.2",
May-1982,,,"1,006.1",
Apr-1982,,,"1,018.0",
Mar-1982,,,"1,052.4",
Feb-1982,,,902.2,
Jan-1982,,,933.8,
Dec-1981,,,973.5,
Nov-1981,,,872.6,
Oct-1981,,,"1,033.7",
Sep-1981,,,"1,039.7",
Aug-1981,,,"1,003.8",
Jul-1981,,,"1,037.4",
Jun-1981,,,"1,042.8",
May-1981,,,"1,025.8",
Apr-1981,,,"1,027.0",
Mar-1981,,,"1,010.7",
Feb-1981,,,864.2,
Jan-1981,,,974.6,
Dec-1980,,,940.4,
Nov-1980,,,796.1,
Oct-1980,,,997.2,
Sep-1980,,,941.8,
Aug-1980,,,913.8,
Jul-1980,,,936.3,
Jun-1980,,,976.2,
May-1980,,,"1,006.7",
Apr-1980,,,"1,009.0",
Mar-1980,,,920.0,
Feb-1980,,,872.7,
Jan-1980,,,962.0,
Dec-1979,,,807.2,
Nov-1979,,,820.1,
Oct-1979,,,"1,038.0",
Sep-1979,,,863.2,
Aug-1979,,,"1,026.3",
Jul-1979,,,965.3,
Jun-1979,,,940.7,
May-1979,,,"1,013.5",
Apr-1979,,,889.8,
Mar-1979,,,905.0,
Feb-1979,,,749.1,
Jan-1979,,,897.3,
Dec-1978,,,767.3,
Nov-1978,,,779.1,
Oct-1978,,,896.4,
Sep-1978,,,834.0,
Aug-1978,,,930.8,
Jul-1978,,,801.7,
Jun-1978,,,874.9,
May-1978,,,902.6,
Apr-1978,,,769.1,
Mar-1978,,,830.0,
Feb-1978,,,715.7,
Jan-1978,,,781.4,
Dec-1977,,,753.2,
Nov-1977,,,719.8,
Oct-1977,,,775.5,
Sep-1977,,,808.2,
Aug-1977,,,870.4,
Jul-1977,,,745.5,
Jun-1977,,,843.7,
May-1977,,,809.9,
Apr-1977,,,744.9,
Mar-1977,,,783.2,
Feb-1977,,,659.2,
Jan-1977,,,713.8,
Dec-1976,,,716.8,
Nov-1976,,,699.2,
Oct-1976,,,769.5,
Sep-1976,,,800.3,
Aug-1976,,,805.2,
Jul-1976,,,766.0,
Jun-1976,,,825.9,
May-1976,,,745.4,
Apr-1976,,,742.5,
Mar-1976,,,771.9,
Feb-1976,,,632.3,
Jan-1976,,,712.3,
Dec-1975,,,691.4,
Nov-1975,,,560.7,
Oct-1975,,,739.8,
Sep-1975,,,684.9,
Aug-1975,,,680.5,
Jul-1975,,,714.2,
Jun-1975,,,683.1,
May-1975,,,690.1,
Apr-1975,,,688.3,
Mar-1975,,,616.6,
Feb-1975,,,570.2,
Jan-1975,,,646.2,
Dec-1974,,,589.6,
Nov-1974,,,524.5,
Oct-1974,,,686.9,
Sep-1974,,,621.1,
Aug-1974,,,713.8,
Jul-1974,,,720.1,
Jun-1974,,,687.2,
May-1974,,,745.0,
Apr-1974,,,672.4,
Mar-1974,,,641.9,
Feb-1974,,,601.2,
Jan-1974,,,713.1,
Dec-1973,,,588.2,
Nov-1973,,,641.7,
Oct-1973,,,733.5,
Sep-1973,,,609.5,
Aug-1973,,,703.5,
Jul-1973,,,673.6,
Jun-1973,,,680.0,
May-1973,,,712.1,
Apr-1973,,,594.4,
Mar-1973,,,621.4,
Feb-1973,,,566.2,
Jan-1973,,,662.1,
Dec-1972,,,582.2,
Nov-1972,,,618.1,
Oct-1972,,,694.8,
Sep-1972,,,636.1,
Aug-1972,,,738.6,
Jul-1972,,,636.6,
Jun-1972,,,713.1,
May-1972,,,715.4,
Apr-1972,,,623.7,
Mar-1972,,,652.7,
Feb-1972,,,596.1,
Jan-1972,,,616.1,
Dec-1971,,,600.7,
Nov-1971,,,576.2,
Oct-1971,,,624.5,
Sep-1971,,,630.9,
Aug-1971,,,673.7,
Jul-1971,,,619.4,
Jun-1971,,,654.3,
May-1971,,,592.1,
Apr-1971,,,599.4,
Mar-1971,,,616.5,
Feb-1971,,,530.3,
Jan-1971,,,563.1,
Dec-1970,,,561.5,
Nov-1970,,,512.9,
Oct-1970,,,633.4,
Sep-1970,,,613.5,
Aug-1970,,,611.5,
Jul-1970,,,657.0,
Jun-1970,,,666.1,
May-1970,,,601.4,
Apr-1970,,,628.0,
Mar-1970,,,573.1,
Feb-1970,,,522.9,
Jan-1970,,,580.1,
Dec-1969,,,553.2,
Nov-1969,,,461.3,
Oct-1969,,,610.5,
Sep-1969,,,578.0,
Aug-1969,,,573.8,
Jul-1969,,,568.4,
Jun-1969,,,573.9,
May-1969,,,562.7,
Apr-1969,,,533.5,
Mar-1969,,,482.6,
Feb-1969,,,445.6,
Jan-1969,,,540.7,
Dec-1968,,,464.0,
Nov-1968,,,425.7,
Oct-1968,,,572.0,
Sep-1968,,,502.8,
Aug-1968,,,547.7,
Jul-1968,,,550.9,
Jun-1968,,,497.1,
May-1968,,,532.2,
Apr-1968,,,484.9,
Mar-1968,,,448.8,
Feb-1968,,,429.0,
Jan-1968,,,483.9,
Dec-1967,,,429.5,
Nov-1967,,,449.3,
Oct-1967,,,525.5,
Sep-1967,,,503.7,
Aug-1967,,,573.5,
Jul-1967,,,488.1,
Jun-1967,,,548.0,
May-1967,,,552.0,
Apr-1967,,,455.9,
Mar-1967,,,472.0,
Feb-1967,,,403.6,
Jan-1967,,,474.9,
Dec-1966,,,472.7,
Nov-1966,,,435.3,
Oct-1966,,,497.1,
Sep-1966,,,515.4,
Aug-1966,,,540.4,
Jul-1966,,,465.2,
Jun-1966,,,514.3,
May-1966,,,469.7,
Apr-1966,,,449.6,
Mar-1966,,,439.4,
Feb-1966,,,397.8,
Jan-1966,,,407.0,
Dec-1965,,,421.4,
Nov-1965,,,398.9,
Oct-1965,,,456.9,
Sep-1965,,,469.8,
Aug-1965,,,483.2,
Jul-1965,,,467.3,
Jun-1965,,,486.8,
May-1965,,,433.1,
Apr-1965,,,420.3,
Mar-1965,,,407.7,
Feb-1965,,,353.0,
Jan-1965,,,396.0,
Dec-1964,,,376.3,
Nov-1964,,,339.3,
Oct-1964,,,413.2,
Sep-1964,,,419.9,
Aug-1964,,,432.8,
Jul-1964,,,436.0,
Jun-1964,,,454.5,
May-1964,,,423.0,
Apr-1964,,,406.6,
Mar-1964,,,371.2,
Feb-1964,,,345.6,
Jan-1964,,,391.8,
Dec-1963,,,371.2,
Nov-1963,,,326.3,
Oct-1963,,,409.3,
Sep-1963,,,390.4,
Aug-1963,,,431.2,
Jul-1963,,,444.2,
Jun-1963,,,414.0,
May-1963,,,417.2,
Apr-1963,,,379.4,
Mar-1963,,,343.5,
Feb-1963,,,303.1,
Jan-1963,,,377.5,
Dec-1962,,,322.9,
Nov-1962,,,342.3,
Oct-1962,,,408.6,
Sep-1962,,,343.5,
Aug-1962,,,415.7,
Jul-1962,,,397.0,
Jun-1962,,,421.4,
May-1962,,,427.8,
Apr-1962,,,362.3,
Mar-1962,,,339.5,
Feb-1962,,,275.8,
Jan-1962,,,304.0,
Dec-1961,,,275.8,
Nov-1961,,,306.0,
Oct-1961,,,385.2,
Sep-1961,,,373.0,
Aug-1961,,,427.5,
Jul-1961,,,412.4,
Jun-1961,,,442.4,
May-1961,,,421.3,
Apr-1961,,,357.9,
Mar-1961,,,331.7,
Feb-1961,,,255.8,
Jan-1961,,,297.8,
Dec-1960,,,280.8,
Nov-1960,,,285.9,
Oct-1960,,,324.6,
Sep-1960,,,341.4,
Aug-1960,,,379.3,
Jul-1960,,,323.6,
Jun-1960,,,339.8,
May-1960,,,331.7,
Apr-1960,,,301.6,
Mar-1960,,,283.6,
Feb-1960,,,250.9,
Jan-1960,,,255.9,
